date,stars,forks,watchers
2026-06-15,0,0,0
2026-06-16,0,0,0
2026-06-17,0,0,0
2026-06-18,0,1,0
2026-06-19,0,1,0
2026-06-20,0,1,0
2026-06-21,0,1,0
2026-06-22,0,1,0
2026-06-23,0,1,0
2026-06-24,0,1,0
2026-06-25,0,1,0
2026-06-26,0,1,0
2026-06-27,0,1,0
2026-06-28,0,1,0
2026-06-29,0,1,0
2026-06-30,0,1,0
2026-07-01,1,1,0
2026-07-02,1,1,0
2026-07-03,2,1,0
2026-07-04,2,1,0
2026-07-05,2,1,0
2026-07-06,2,1,0
2026-07-07,2,1,0
2026-07-08,2,1,0
2026-07-09,3,2,0
2026-07-10,4,2,0
2026-07-11,4,2,0
2026-07-12,4,2,0
2026-07-13,5,2,0
2026-07-14,5,2,0
2026-07-15,6,2,0
2026-07-16,6,2,0
2026-07-17,6,3,0
2026-07-18,6,3,0
2026-07-19,6,4,0
2026-07-20,6,4,0
2026-07-21,6,4,0
2026-07-22,6,4,0
2026-07-23,6,4,0
2026-07-24,6,4,0
2026-07-25,7,6,0
2026-07-26,7,6,0
2026-07-27,7,6,0
2026-07-28,7,6,0
2026-07-29,7,6,0
2026-07-30,7,6,0
2026-07-31,7,6,0
2026-08-01,7,6,0
2026-08-02,7,6,0
2026-08-09,8,7,0
2026-08-16,10,7,1
2026-08-23,13,7,1
2026-08-30,21,7,1
2026-09-06,21,10,1
